worldedit,http://mods.curse.com/bukkit-plugins/minecraft/worldedit,13790800,World Editing and Management,1314232481
worldguard,http://mods.curse.com/bukkit-plugins/minecraft/worldguard,6025348,Anti-Griefing Tools,1314234244
essentials,http://mods.curse.com/bukkit-plugins/minecraft/essentials,9329391,General,1314257558
permissionsex,http://mods.curse.com/bukkit-plugins/minecraft/permissionsex,9391274,Admin Tools,1314315536
lwc,http://mods.curse.com/bukkit-plugins/minecraft/lwc,1747320,Anti-Griefing Tools,1315512972
vault,http://mods.curse.com/bukkit-plugins/minecraft/vault,4595456,Economy,1319219788
nocheatplus,http://mods.curse.com/bukkit-plugins/minecraft/nocheatplus,1442492,Anti-Griefing Tools,1333400079
chairs,http://mods.curse.com/bukkit-plugins/minecraft/chairs,198269,Fun,1332693739
iconomy,http://mods.curse.com/bukkit-plugins/minecraft/iconomy,2535653,Economy,1314227215
chestshop,http://mods.curse.com/bukkit-plugins/minecraft/chestshop,4686952,Economy,1314307305
bukkitcompat,http://mods.curse.com/bukkit-plugins/minecraft/bukkitcompat,,,0
craftbook,http://mods.curse.com/bukkit-plugins/minecraft/craftbook,661415,Mechanics,1314234288
clearlag,http://mods.curse.com/bukkit-plugins/minecraft/clearlag,,,0
logblock,http://mods.curse.com/bukkit-plugins/minecraft/logblock,438894,Anti-Griefing Tools,1314228527
worldborder,http://mods.curse.com/bukkit-plugins/minecraft/worldborder,744414,Mechanics,1314755584
coreprotect,http://mods.curse.com/bukkit-plugins/minecraft/coreprotect,771202,Anti-Griefing Tools,1331294659
coreprotect,http://mods.curse.com/bukkit-plugins/minecraft/coreprotect,771202,Anti-Griefing Tools,1331294659
zavautomessager,http://mods.curse.com/bukkit-plugins/minecraft/zavautomessager,212390,Chat Related,1325755924
griefprevention,http://mods.curse.com/bukkit-plugins/minecraft/griefprevention,,,0
holographicdisplays,http://mods.curse.com/bukkit-plugins/minecraft/holographicdisplays,,,0
vanishnopacket,http://mods.curse.com/bukkit-plugins/minecraft/vanishnopacket,,,0
votifier,http://mods.curse.com/bukkit-plugins/minecraft/votifier,514966,Developer Tools,1318456842
enjinminecraftplugin,http://mods.curse.com/bukkit-plugins/minecraft/enjinminecraftplugin,,,0
hidestream,http://mods.curse.com/bukkit-plugins/minecraft/hidestream,144606,Chat Related,1330785406
skinsrestorer,http://mods.curse.com/bukkit-plugins/minecraft/skinsrestorer,,,0
buycraft,http://mods.curse.com/bukkit-plugins/minecraft/buycraft,1768447,Admin Tools,1314633115
